﻿<?xml version="1.0" encoding="UTF-8" standalone="yes"?>
<addon id="repository.lockedtv" name="Pro Tv" version="1.0.2" provider-name="Pro Tv">
	<extension point="xbmc.addon.repository" name="Dragon Tv Box Repository">
		<info compressed="false">http://locked.tv/repo/prozone/addons.xml</info>
		<checksum>http://locked.tv/repo/prozone/addons.xml.md5</checksum>
		<datadir zip="true">http://locked.tv/repo/prozone/</datadir>
	</extension>
	<extension point="xbmc.addon.metadata">
		<summary>Pro Tv Repository</summary>
		<description>Pro Tv Repository</description>
		<platform>all</platform>
	</extension>
</addon>

